bioma,mes,focos
Amazônia,2015-01-01,2042
Amazônia,2015-02-01,1047
Amazônia,2015-03-01,572
Amazônia,2015-04-01,762
Amazônia,2015-05-01,407
Amazônia,2015-06-01,1287
Amazônia,2015-07-01,2817
Amazônia,2015-08-01,20471
Amazônia,2015-09-01,29326
Amazônia,2015-10-01,19469
Amazônia,2015-11-01,16935
Amazônia,2015-12-01,11303
Amazônia,2016-01-01,4657
Amazônia,2016-02-01,1559
Amazônia,2016-03-01,2024
Amazônia,2016-04-01,1075
Amazônia,2016-05-01,895
Amazônia,2016-06-01,1663
Amazônia,2016-07-01,6120
Amazônia,2016-08-01,18340
Amazônia,2016-09-01,20460
Amazônia,2016-10-01,14234
Amazônia,2016-11-01,11610
Amazônia,2016-12-01,5124
Amazônia,2017-01-01,796
Amazônia,2017-02-01,379
Amazônia,2017-03-01,736
Amazônia,2017-04-01,618
Amazônia,2017-05-01,805
Amazônia,2017-06-01,1759
Amazônia,2017-07-01,7986
Amazônia,2017-08-01,21244
Amazônia,2017-09-01,36569
Amazônia,2017-10-01,14457
Amazônia,2017-11-01,14105
Amazônia,2017-12-01,7985
Amazônia,2018-01-01,1444
Amazônia,2018-02-01,888
Amazônia,2018-03-01,1359
Amazônia,2018-04-01,513
Amazônia,2018-05-01,772
Amazônia,2018-06-01,1980
Amazônia,2018-07-01,4788
Amazônia,2018-08-01,10421
Amazônia,2018-09-01,24803
Amazônia,2018-10-01,10654
Amazônia,2018-11-01,8881
Amazônia,2018-12-01,1842
Amazônia,2019-01-01,1419
Amazônia,2019-02-01,1368
Amazônia,2019-03-01,3383
Amazônia,2019-04-01,1702
Amazônia,2019-05-01,854
Amazônia,2019-06-01,1880
Amazônia,2019-07-01,5318
Amazônia,2019-08-01,30900
Amazônia,2019-09-01,19925
Amazônia,2019-10-01,7855
Amazônia,2019-11-01,11297
Amazônia,2019-12-01,3275
Amazônia,2020-01-01,1200
Amazônia,2020-02-01,1196
Amazônia,2020-03-01,1641
Amazônia,2020-04-01,789
Amazônia,2020-05-01,829
Amazônia,2020-06-01,2248
Amazônia,2020-07-01,6803
Amazônia,2020-08-01,29307
Amazônia,2020-09-01,32017
Amazônia,2020-10-01,17326
Amazônia,2020-11-01,6321
Amazônia,2020-12-01,3484
Amazônia,2021-01-01,794
Amazônia,2021-02-01,864
Amazônia,2021-03-01,643
Amazônia,2021-04-01,615
Amazônia,2021-05-01,1166
Amazônia,2021-06-01,2305
Amazônia,2021-07-01,4977
Amazônia,2021-08-01,28060
Amazônia,2021-09-01,16742
Amazônia,2021-10-01,11549
Amazônia,2021-11-01,5779
Amazônia,2021-12-01,1596
Amazônia,2022-01-01,1226
Amazônia,2022-02-01,584
Amazônia,2022-03-01,490
Amazônia,2022-04-01,384
Amazônia,2022-05-01,2287
Amazônia,2022-06-01,2562
Amazônia,2022-07-01,5373
Amazônia,2022-08-01,33116
Amazônia,2022-09-01,41282
Amazônia,2022-10-01,13911
Amazônia,2022-11-01,11062
Amazônia,2022-12-01,2756
Amazônia,2023-01-01,1056
Amazônia,2023-02-01,734
Amazônia,2023-03-01,1019
Amazônia,2023-04-01,768
Amazônia,2023-05-01,1692
Amazônia,2023-06-01,3075
Amazônia,2023-07-01,5772
Amazônia,2023-08-01,17372
Amazônia,2023-09-01,26449
Amazônia,2023-10-01,22061
Amazônia,2023-11-01,13940
Amazônia,2023-12-01,4701
Amazônia,2024-01-01,2049
Amazônia,2024-02-01,3157
Amazônia,2024-03-01,2654
Amazônia,2024-04-01,1117
Amazônia,2024-05-01,1670
Amazônia,2024-06-01,2842
Amazônia,2024-07-01,11434
Amazônia,2024-08-01,38266
Amazônia,2024-09-01,41463
Amazônia,2024-10-01,16169
Amazônia,2024-11-01,14158
Amazônia,2024-12-01,5367
Amazônia,2025-01-01,1219
Amazônia,2025-02-01,399
Amazônia,2025-03-01,772
Amazônia,2025-04-01,293
Amazônia,2025-05-01,836
Amazônia,2025-06-01,1650
Amazônia,2025-07-01,2183
Amazônia,2025-08-01,6094
Amazônia,2025-09-01,7211
Amazônia,2025-10-01,7868
Amazônia,2025-11-01,9568
Amazônia,2025-12-01,5038
Cerrado,2015-01-01,1096
Cerrado,2015-02-01,383
Cerrado,2015-03-01,528
Cerrado,2015-04-01,634
Cerrado,2015-05-01,1174
Cerrado,2015-06-01,3313
Cerrado,2015-07-01,4662
Cerrado,2015-08-01,12684
Cerrado,2015-09-01,23795
Cerrado,2015-10-01,19531
Cerrado,2015-11-01,4731
Cerrado,2015-12-01,2563
Cerrado,2016-01-01,392
Cerrado,2016-02-01,1048
Cerrado,2016-03-01,767
Cerrado,2016-04-01,1449
Cerrado,2016-05-01,1782
Cerrado,2016-06-01,3187
Cerrado,2016-07-01,8675
Cerrado,2016-08-01,13730
Cerrado,2016-09-01,13256
Cerrado,2016-10-01,9968
Cerrado,2016-11-01,3647
Cerrado,2016-12-01,932
Cerrado,2017-01-01,491
Cerrado,2017-02-01,376
Cerrado,2017-03-01,687
Cerrado,2017-04-01,696
Cerrado,2017-05-01,1428
Cerrado,2017-06-01,2858
Cerrado,2017-07-01,6258
Cerrado,2017-08-01,10815
Cerrado,2017-09-01,26975
Cerrado,2017-10-01,12393
Cerrado,2017-11-01,2345
Cerrado,2017-12-01,1440
Cerrado,2018-01-01,521
Cerrado,2018-02-01,235
Cerrado,2018-03-01,842
Cerrado,2018-04-01,549
Cerrado,2018-05-01,1729
Cerrado,2018-06-01,2922
Cerrado,2018-07-01,5220
Cerrado,2018-08-01,7992
Cerrado,2018-09-01,11467
Cerrado,2018-10-01,5041
Cerrado,2018-11-01,1763
Cerrado,2018-12-01,1168
Cerrado,2019-01-01,1213
Cerrado,2019-02-01,574
Cerrado,2019-03-01,936
Cerrado,2019-04-01,753
Cerrado,2019-05-01,1719
Cerrado,2019-06-01,4088
Cerrado,2019-07-01,5346
Cerrado,2019-08-01,12906
Cerrado,2019-09-01,22989
Cerrado,2019-10-01,8356
Cerrado,2019-11-01,3251
Cerrado,2019-12-01,1743
Cerrado,2020-01-01,662
Cerrado,2020-02-01,709
Cerrado,2020-03-01,890
Cerrado,2020-04-01,1158
Cerrado,2020-05-01,1481
Cerrado,2020-06-01,3487
Cerrado,2020-07-01,5663
Cerrado,2020-08-01,10155
Cerrado,2020-09-01,21802
Cerrado,2020-10-01,13440
Cerrado,2020-11-01,2957
Cerrado,2020-12-01,1415
Cerrado,2021-01-01,625
Cerrado,2021-02-01,607
Cerrado,2021-03-01,686
Cerrado,2021-04-01,820
Cerrado,2021-05-01,2649
Cerrado,2021-06-01,4181
Cerrado,2021-07-01,6955
Cerrado,2021-08-01,15043
Cerrado,2021-09-01,19939
Cerrado,2021-10-01,8389
Cerrado,2021-11-01,1901
Cerrado,2021-12-01,933
Cerrado,2022-01-01,763
Cerrado,2022-02-01,685
Cerrado,2022-03-01,751
Cerrado,2022-04-01,853
Cerrado,2022-05-01,3578
Cerrado,2022-06-01,4239
Cerrado,2022-07-01,6713
Cerrado,2022-08-01,10567
Cerrado,2022-09-01,13651
Cerrado,2022-10-01,11594
Cerrado,2022-11-01,2154
Cerrado,2022-12-01,1337
Cerrado,2023-01-01,585
Cerrado,2023-02-01,759
Cerrado,2023-03-01,845
Cerrado,2023-04-01,993
Cerrado,2023-05-01,2668
Cerrado,2023-06-01,4472
Cerrado,2023-07-01,6459
Cerrado,2023-08-01,6850
Cerrado,2023-09-01,13230
Cerrado,2023-10-01,8371
Cerrado,2023-11-01,3242
Cerrado,2023-12-01,2239
Cerrado,2024-01-01,1044
Cerrado,2024-02-01,795
Cerrado,2024-03-01,1806
Cerrado,2024-04-01,930
Cerrado,2024-05-01,3437
Cerrado,2024-06-01,5217
Cerrado,2024-07-01,7463
Cerrado,2024-08-01,18620
Cerrado,2024-09-01,29319
Cerrado,2024-10-01,8024
Cerrado,2024-11-01,2944
Cerrado,2024-12-01,1869
Cerrado,2025-01-01,726
Cerrado,2025-02-01,634
Cerrado,2025-03-01,691
Cerrado,2025-04-01,595
Cerrado,2025-05-01,2527
Cerrado,2025-06-01,3681
Cerrado,2025-07-01,5303
Cerrado,2025-08-01,8615
Cerrado,2025-09-01,14543
Cerrado,2025-10-01,11856
Cerrado,2025-11-01,5204
Cerrado,2025-12-01,1683
Pantanal,2015-01-01,95
Pantanal,2015-02-01,51
Pantanal,2015-03-01,28
Pantanal,2015-04-01,29
Pantanal,2015-05-01,36
Pantanal,2015-06-01,218
Pantanal,2015-07-01,225
Pantanal,2015-08-01,1025
Pantanal,2015-09-01,1181
Pantanal,2015-10-01,794
Pantanal,2015-11-01,282
Pantanal,2015-12-01,494
Pantanal,2016-01-01,37
Pantanal,2016-02-01,29
Pantanal,2016-03-01,18
Pantanal,2016-04-01,34
Pantanal,2016-05-01,59
Pantanal,2016-06-01,93
Pantanal,2016-07-01,542
Pantanal,2016-08-01,966
Pantanal,2016-09-01,2000
Pantanal,2016-10-01,1066
Pantanal,2016-11-01,215
Pantanal,2016-12-01,125
Pantanal,2017-01-01,261
Pantanal,2017-02-01,73
Pantanal,2017-03-01,68
Pantanal,2017-04-01,38
Pantanal,2017-05-01,48
Pantanal,2017-06-01,93
Pantanal,2017-07-01,610
Pantanal,2017-08-01,1092
Pantanal,2017-09-01,2588
Pantanal,2017-10-01,669
Pantanal,2017-11-01,214
Pantanal,2017-12-01,19
Pantanal,2018-01-01,23
Pantanal,2018-02-01,8
Pantanal,2018-03-01,14
Pantanal,2018-04-01,19
Pantanal,2018-05-01,28
Pantanal,2018-06-01,46
Pantanal,2018-07-01,190
Pantanal,2018-08-01,275
Pantanal,2018-09-01,785
Pantanal,2018-10-01,120
Pantanal,2018-11-01,20
Pantanal,2018-12-01,163
Pantanal,2019-01-01,337
Pantanal,2019-02-01,211
Pantanal,2019-03-01,93
Pantanal,2019-04-01,33
Pantanal,2019-05-01,68
Pantanal,2019-06-01,239
Pantanal,2019-07-01,494
Pantanal,2019-08-01,1690
Pantanal,2019-09-01,2887
Pantanal,2019-10-01,2430
Pantanal,2019-11-01,1296
Pantanal,2019-12-01,247
Pantanal,2020-01-01,265
Pantanal,2020-02-01,164
Pantanal,2020-03-01,602
Pantanal,2020-04-01,784
Pantanal,2020-05-01,313
Pantanal,2020-06-01,406
Pantanal,2020-07-01,1684
Pantanal,2020-08-01,5935
Pantanal,2020-09-01,8106
Pantanal,2020-10-01,2856
Pantanal,2020-11-01,778
Pantanal,2020-12-01,223
Pantanal,2021-01-01,41
Pantanal,2021-02-01,35
Pantanal,2021-03-01,50
Pantanal,2021-04-01,87
Pantanal,2021-05-01,60
Pantanal,2021-06-01,98
Pantanal,2021-07-01,508
Pantanal,2021-08-01,1505
Pantanal,2021-09-01,2954
Pantanal,2021-10-01,2515
Pantanal,2021-11-01,257
Pantanal,2021-12-01,148
Pantanal,2022-01-01,83
Pantanal,2022-02-01,61
Pantanal,2022-03-01,45
Pantanal,2022-04-01,25
Pantanal,2022-05-01,188
Pantanal,2022-06-01,115
Pantanal,2022-07-01,294
Pantanal,2022-08-01,96
Pantanal,2022-09-01,242
Pantanal,2022-10-01,48
Pantanal,2022-11-01,201
Pantanal,2022-12-01,239
Pantanal,2023-01-01,21
Pantanal,2023-02-01,9
Pantanal,2023-03-01,12
Pantanal,2023-04-01,15
Pantanal,2023-05-01,33
Pantanal,2023-06-01,77
Pantanal,2023-07-01,126
Pantanal,2023-08-01,110
Pantanal,2023-09-01,373
Pantanal,2023-10-01,1157
Pantanal,2023-11-01,4134
Pantanal,2023-12-01,513
Pantanal,2024-01-01,310
Pantanal,2024-02-01,73
Pantanal,2024-03-01,176
Pantanal,2024-04-01,94
Pantanal,2024-05-01,246
Pantanal,2024-06-01,2639
Pantanal,2024-07-01,1218
Pantanal,2024-08-01,4411
Pantanal,2024-09-01,2688
Pantanal,2024-10-01,2437
Pantanal,2024-11-01,191
Pantanal,2024-12-01,15
Pantanal,2025-01-01,34
Pantanal,2025-02-01,15
Pantanal,2025-03-01,4
Pantanal,2025-04-01,7
Pantanal,2025-05-01,10
Pantanal,2025-06-01,16
Pantanal,2025-07-01,39
Pantanal,2025-08-01,48
Pantanal,2025-09-01,189
Pantanal,2025-10-01,241
Pantanal,2025-11-01,46
Pantanal,2025-12-01,75
